<?xml version="1.0" encoding="UTF-8"?>
<DEFECTS>
  <DEFECT>
    <SFA>
      <FILEPATH>D:\A_Workspace\tools\T\game tools\Niflheim-master\NeXAS\BALDR_HEART\pac_unpack\</FILEPATH>
      <FILENAME>pac_unpack.c</FILENAME>
      <LINE>71</LINE>
      <COLUMN>12</COLUMN>
    </SFA>
    <DEFECTCODE>6011</DEFECTCODE>
    <DESCRIPTION>取消对 NULL 指针“cdata”的引用。查看第 69 行以找出可能会发生此情况的前一位置</DESCRIPTION>
    <FUNCTION>ReadIndex</FUNCTION>
    <DECORATED>ReadIndex</DECORATED>
    <FUNCLINE>41</FUNCLINE>
    <PROBABILITY>1</PROBABILITY>
    <RANK>4</RANK>
    <CATEGORY>
      <RULECATEGORY>mspft</RULECATEGORY>
    </CATEGORY>
    <PATH>
      <SFA>
        <FILEPATH>D:\A_Workspace\tools\T\game tools\Niflheim-master\NeXAS\BALDR_HEART\pac_unpack\</FILEPATH>
        <FILENAME>pac_unpack.c</FILENAME>
        <LINE>43</LINE>
        <COLUMN>7</COLUMN>
      </SFA>
      <SFA>
        <FILEPATH>D:\A_Workspace\tools\T\game tools\Niflheim-master\NeXAS\BALDR_HEART\pac_unpack\</FILEPATH>
        <FILENAME>pac_unpack.c</FILENAME>
        <LINE>43</LINE>
        <COLUMN>13</COLUMN>
      </SFA>
      <SFA>
        <FILEPATH>D:\A_Workspace\tools\T\game tools\Niflheim-master\NeXAS\BALDR_HEART\pac_unpack\</FILEPATH>
        <FILENAME>pac_unpack.c</FILENAME>
        <LINE>44</LINE>
        <COLUMN>8</COLUMN>
      </SFA>
      <SFA>
        <FILEPATH>D:\A_Workspace\tools\T\game tools\Niflheim-master\NeXAS\BALDR_HEART\pac_unpack\</FILEPATH>
        <FILENAME>pac_unpack.c</FILENAME>
        <LINE>44</LINE>
        <COLUMN>21</COLUMN>
      </SFA>
      <SFA>
        <FILEPATH>D:\A_Workspace\tools\T\game tools\Niflheim-master\NeXAS\BALDR_HEART\pac_unpack\</FILEPATH>
        <FILENAME>pac_unpack.c</FILENAME>
        <LINE>44</LINE>
        <COLUMN>36</COLUMN>
      </SFA>
      <SFA>
        <FILEPATH>D:\A_Workspace\tools\T\game tools\Niflheim-master\NeXAS\BALDR_HEART\pac_unpack\</FILEPATH>
        <FILENAME>pac_unpack.c</FILENAME>
        <LINE>45</LINE>
        <COLUMN>8</COLUMN>
      </SFA>
      <SFA>
        <FILEPATH>D:\A_Workspace\tools\T\game tools\Niflheim-master\NeXAS\BALDR_HEART\pac_unpack\</FILEPATH>
        <FILENAME>pac_unpack.c</FILENAME>
        <LINE>45</LINE>
        <COLUMN>16</COLUMN>
      </SFA>
      <SFA>
        <FILEPATH>D:\A_Workspace\tools\T\game tools\Niflheim-master\NeXAS\BALDR_HEART\pac_unpack\</FILEPATH>
        <FILENAME>pac_unpack.c</FILENAME>
        <LINE>45</LINE>
        <COLUMN>23</COLUMN>
      </SFA>
      <SFA>
        <FILEPATH>D:\A_Workspace\tools\T\game tools\Niflheim-master\NeXAS\BALDR_HEART\pac_unpack\</FILEPATH>
        <FILENAME>pac_unpack.c</FILENAME>
        <LINE>46</LINE>
        <COLUMN>5</COLUMN>
      </SFA>
      <SFA>
        <FILEPATH>D:\A_Workspace\tools\T\game tools\Niflheim-master\NeXAS\BALDR_HEART\pac_unpack\</FILEPATH>
        <FILENAME>pac_unpack.c</FILENAME>
        <LINE>47</LINE>
        <COLUMN>8</COLUMN>
      </SFA>
      <SFA>
        <FILEPATH>D:\A_Workspace\tools\T\game tools\Niflheim-master\NeXAS\BALDR_HEART\pac_unpack\</FILEPATH>
        <FILENAME>pac_unpack.c</FILENAME>
        <LINE>48</LINE>
        <COLUMN>6</COLUMN>
      </SFA>
      <SFA>
        <FILEPATH>D:\A_Workspace\tools\T\game tools\Niflheim-master\NeXAS\BALDR_HEART\pac_unpack\</FILEPATH>
        <FILENAME>pac_unpack.c</FILENAME>
        <LINE>49</LINE>
        <COLUMN>45</COLUMN>
      </SFA>
      <SFA>
        <FILEPATH>D:\A_Workspace\tools\T\game tools\Niflheim-master\NeXAS\BALDR_HEART\pac_unpack\</FILEPATH>
        <FILENAME>pac_unpack.c</FILENAME>
        <LINE>54</LINE>
        <COLUMN>6</COLUMN>
      </SFA>
      <SFA>
        <FILEPATH>D:\A_Workspace\tools\T\game tools\Niflheim-master\NeXAS\BALDR_HEART\pac_unpack\</FILEPATH>
        <FILENAME>pac_unpack.c</FILENAME>
        <LINE>55</LINE>
        <COLUMN>6</COLUMN>
      </SFA>
      <SFA>
        <FILEPATH>D:\A_Workspace\tools\T\game tools\Niflheim-master\NeXAS\BALDR_HEART\pac_unpack\</FILEPATH>
        <FILENAME>pac_unpack.c</FILENAME>
        <LINE>56</LINE>
        <COLUMN>7</COLUMN>
      </SFA>
      <SFA>
        <FILEPATH>D:\A_Workspace\tools\T\game tools\Niflheim-master\NeXAS\BALDR_HEART\pac_unpack\</FILEPATH>
        <FILENAME>pac_unpack.c</FILENAME>
        <LINE>57</LINE>
        <COLUMN>21</COLUMN>
      </SFA>
      <SFA>
        <FILEPATH>D:\A_Workspace\tools\T\game tools\Niflheim-master\NeXAS\BALDR_HEART\pac_unpack\</FILEPATH>
        <FILENAME>pac_unpack.c</FILENAME>
        <LINE>65</LINE>
        <COLUMN>7</COLUMN>
      </SFA>
      <SFA>
        <FILEPATH>D:\A_Workspace\tools\T\game tools\Niflheim-master\NeXAS\BALDR_HEART\pac_unpack\</FILEPATH>
        <FILENAME>pac_unpack.c</FILENAME>
        <LINE>66</LINE>
        <COLUMN>7</COLUMN>
      </SFA>
      <SFA>
        <FILEPATH>D:\A_Workspace\tools\T\game tools\Niflheim-master\NeXAS\BALDR_HEART\pac_unpack\</FILEPATH>
        <FILENAME>pac_unpack.c</FILENAME>
        <LINE>67</LINE>
        <COLUMN>7</COLUMN>
      </SFA>
      <SFA>
        <FILEPATH>D:\A_Workspace\tools\T\game tools\Niflheim-master\NeXAS\BALDR_HEART\pac_unpack\</FILEPATH>
        <FILENAME>pac_unpack.c</FILENAME>
        <LINE>68</LINE>
        <COLUMN>8</COLUMN>
        <KEYEVENT>
          <ID>1</ID>
          <KIND>声明</KIND>
          <IMPORTANCE>Essential</IMPORTANCE>
          <MESSAGE>“cdata”可能为 NULL</MESSAGE>
        </KEYEVENT>
      </SFA>
      <SFA>
        <FILEPATH>D:\A_Workspace\tools\T\game tools\Niflheim-master\NeXAS\BALDR_HEART\pac_unpack\</FILEPATH>
        <FILENAME>pac_unpack.c</FILENAME>
        <LINE>69</LINE>
        <COLUMN>7</COLUMN>
        <KEYEVENT>
          <ID>2</ID>
          <KIND>声明</KIND>
          <IMPORTANCE>Full</IMPORTANCE>
          <MESSAGE>“cdata”是“fread”的输入/输出参数(在 c:\program files (x86)\windows kits\10\include\10.0.19041.0\ucrt\stdio.h:239 处声明)</MESSAGE>
        </KEYEVENT>
      </SFA>
      <SFA>
        <FILEPATH>D:\A_Workspace\tools\T\game tools\Niflheim-master\NeXAS\BALDR_HEART\pac_unpack\</FILEPATH>
        <FILENAME>pac_unpack.c</FILENAME>
        <LINE>70</LINE>
        <COLUMN>9</COLUMN>
      </SFA>
      <SFA>
        <FILEPATH>D:\A_Workspace\tools\T\game tools\Niflheim-master\NeXAS\BALDR_HEART\pac_unpack\</FILEPATH>
        <FILENAME>pac_unpack.c</FILENAME>
        <LINE>70</LINE>
        <COLUMN>16</COLUMN>
        <KEYEVENT>
          <ID>3</ID>
          <KIND>分支</KIND>
          <IMPORTANCE>Full</IMPORTANCE>
          <MESSAGE>进入此循环(假定“i&lt;ComSize”)</MESSAGE>
        </KEYEVENT>
      </SFA>
      <SFA>
        <FILEPATH>D:\A_Workspace\tools\T\game tools\Niflheim-master\NeXAS\BALDR_HEART\pac_unpack\</FILEPATH>
        <FILENAME>pac_unpack.c</FILENAME>
        <LINE>71</LINE>
        <COLUMN>12</COLUMN>
        <KEYEVENT>
          <ID>4</ID>
          <KIND>使用情况</KIND>
          <IMPORTANCE>Essential</IMPORTANCE>
          <MESSAGE>已取消对“cdata”的引用，但可能仍为 NULL</MESSAGE>
        </KEYEVENT>
      </SFA>
    </PATH>
  </DEFECT>
  <DEFECT>
    <SFA>
      <FILEPATH>D:\A_Workspace\tools\T\game tools\Niflheim-master\NeXAS\BALDR_HEART\pac_unpack\</FILEPATH>
      <FILENAME>pac_unpack.c</FILENAME>
      <LINE>69</LINE>
      <COLUMN>7</COLUMN>
    </SFA>
    <DEFECTCODE>6387</DEFECTCODE>
    <DESCRIPTION>“cdata”可能是“0”: 这不符合函数“fread”的规范。</DESCRIPTION>
    <FUNCTION>ReadIndex</FUNCTION>
    <DECORATED>ReadIndex</DECORATED>
    <FUNCLINE>41</FUNCLINE>
    <PROBABILITY>1</PROBABILITY>
    <RANK>4</RANK>
    <CATEGORY>
      <RULECATEGORY>mspft</RULECATEGORY>
    </CATEGORY>
    <PATH>
      <SFA>
        <FILEPATH>D:\A_Workspace\tools\T\game tools\Niflheim-master\NeXAS\BALDR_HEART\pac_unpack\</FILEPATH>
        <FILENAME>pac_unpack.c</FILENAME>
        <LINE>43</LINE>
        <COLUMN>7</COLUMN>
      </SFA>
      <SFA>
        <FILEPATH>D:\A_Workspace\tools\T\game tools\Niflheim-master\NeXAS\BALDR_HEART\pac_unpack\</FILEPATH>
        <FILENAME>pac_unpack.c</FILENAME>
        <LINE>43</LINE>
        <COLUMN>13</COLUMN>
      </SFA>
      <SFA>
        <FILEPATH>D:\A_Workspace\tools\T\game tools\Niflheim-master\NeXAS\BALDR_HEART\pac_unpack\</FILEPATH>
        <FILENAME>pac_unpack.c</FILENAME>
        <LINE>44</LINE>
        <COLUMN>8</COLUMN>
      </SFA>
      <SFA>
        <FILEPATH>D:\A_Workspace\tools\T\game tools\Niflheim-master\NeXAS\BALDR_HEART\pac_unpack\</FILEPATH>
        <FILENAME>pac_unpack.c</FILENAME>
        <LINE>44</LINE>
        <COLUMN>21</COLUMN>
      </SFA>
      <SFA>
        <FILEPATH>D:\A_Workspace\tools\T\game tools\Niflheim-master\NeXAS\BALDR_HEART\pac_unpack\</FILEPATH>
        <FILENAME>pac_unpack.c</FILENAME>
        <LINE>44</LINE>
        <COLUMN>36</COLUMN>
      </SFA>
      <SFA>
        <FILEPATH>D:\A_Workspace\tools\T\game tools\Niflheim-master\NeXAS\BALDR_HEART\pac_unpack\</FILEPATH>
        <FILENAME>pac_unpack.c</FILENAME>
        <LINE>45</LINE>
        <COLUMN>8</COLUMN>
      </SFA>
      <SFA>
        <FILEPATH>D:\A_Workspace\tools\T\game tools\Niflheim-master\NeXAS\BALDR_HEART\pac_unpack\</FILEPATH>
        <FILENAME>pac_unpack.c</FILENAME>
        <LINE>45</LINE>
        <COLUMN>16</COLUMN>
      </SFA>
      <SFA>
        <FILEPATH>D:\A_Workspace\tools\T\game tools\Niflheim-master\NeXAS\BALDR_HEART\pac_unpack\</FILEPATH>
        <FILENAME>pac_unpack.c</FILENAME>
        <LINE>45</LINE>
        <COLUMN>23</COLUMN>
      </SFA>
      <SFA>
        <FILEPATH>D:\A_Workspace\tools\T\game tools\Niflheim-master\NeXAS\BALDR_HEART\pac_unpack\</FILEPATH>
        <FILENAME>pac_unpack.c</FILENAME>
        <LINE>46</LINE>
        <COLUMN>5</COLUMN>
      </SFA>
      <SFA>
        <FILEPATH>D:\A_Workspace\tools\T\game tools\Niflheim-master\NeXAS\BALDR_HEART\pac_unpack\</FILEPATH>
        <FILENAME>pac_unpack.c</FILENAME>
        <LINE>47</LINE>
        <COLUMN>8</COLUMN>
      </SFA>
      <SFA>
        <FILEPATH>D:\A_Workspace\tools\T\game tools\Niflheim-master\NeXAS\BALDR_HEART\pac_unpack\</FILEPATH>
        <FILENAME>pac_unpack.c</FILENAME>
        <LINE>48</LINE>
        <COLUMN>6</COLUMN>
      </SFA>
      <SFA>
        <FILEPATH>D:\A_Workspace\tools\T\game tools\Niflheim-master\NeXAS\BALDR_HEART\pac_unpack\</FILEPATH>
        <FILENAME>pac_unpack.c</FILENAME>
        <LINE>49</LINE>
        <COLUMN>45</COLUMN>
      </SFA>
      <SFA>
        <FILEPATH>D:\A_Workspace\tools\T\game tools\Niflheim-master\NeXAS\BALDR_HEART\pac_unpack\</FILEPATH>
        <FILENAME>pac_unpack.c</FILENAME>
        <LINE>54</LINE>
        <COLUMN>6</COLUMN>
      </SFA>
      <SFA>
        <FILEPATH>D:\A_Workspace\tools\T\game tools\Niflheim-master\NeXAS\BALDR_HEART\pac_unpack\</FILEPATH>
        <FILENAME>pac_unpack.c</FILENAME>
        <LINE>55</LINE>
        <COLUMN>6</COLUMN>
      </SFA>
      <SFA>
        <FILEPATH>D:\A_Workspace\tools\T\game tools\Niflheim-master\NeXAS\BALDR_HEART\pac_unpack\</FILEPATH>
        <FILENAME>pac_unpack.c</FILENAME>
        <LINE>56</LINE>
        <COLUMN>7</COLUMN>
      </SFA>
      <SFA>
        <FILEPATH>D:\A_Workspace\tools\T\game tools\Niflheim-master\NeXAS\BALDR_HEART\pac_unpack\</FILEPATH>
        <FILENAME>pac_unpack.c</FILENAME>
        <LINE>57</LINE>
        <COLUMN>21</COLUMN>
      </SFA>
      <SFA>
        <FILEPATH>D:\A_Workspace\tools\T\game tools\Niflheim-master\NeXAS\BALDR_HEART\pac_unpack\</FILEPATH>
        <FILENAME>pac_unpack.c</FILENAME>
        <LINE>65</LINE>
        <COLUMN>7</COLUMN>
      </SFA>
      <SFA>
        <FILEPATH>D:\A_Workspace\tools\T\game tools\Niflheim-master\NeXAS\BALDR_HEART\pac_unpack\</FILEPATH>
        <FILENAME>pac_unpack.c</FILENAME>
        <LINE>66</LINE>
        <COLUMN>7</COLUMN>
      </SFA>
      <SFA>
        <FILEPATH>D:\A_Workspace\tools\T\game tools\Niflheim-master\NeXAS\BALDR_HEART\pac_unpack\</FILEPATH>
        <FILENAME>pac_unpack.c</FILENAME>
        <LINE>67</LINE>
        <COLUMN>7</COLUMN>
      </SFA>
      <SFA>
        <FILEPATH>D:\A_Workspace\tools\T\game tools\Niflheim-master\NeXAS\BALDR_HEART\pac_unpack\</FILEPATH>
        <FILENAME>pac_unpack.c</FILENAME>
        <LINE>68</LINE>
        <COLUMN>8</COLUMN>
        <KEYEVENT>
          <ID>1</ID>
          <KIND>声明</KIND>
          <IMPORTANCE>Essential</IMPORTANCE>
          <MESSAGE>“cdata”可能为 NULL</MESSAGE>
        </KEYEVENT>
      </SFA>
      <SFA>
        <FILEPATH>D:\A_Workspace\tools\T\game tools\Niflheim-master\NeXAS\BALDR_HEART\pac_unpack\</FILEPATH>
        <FILENAME>pac_unpack.c</FILENAME>
        <LINE>69</LINE>
        <COLUMN>7</COLUMN>
        <KEYEVENT>
          <ID>2</ID>
          <KIND>声明</KIND>
          <IMPORTANCE>Full</IMPORTANCE>
          <MESSAGE>“cdata”是“fread”的输入/输出参数(在 c:\program files (x86)\windows kits\10\include\10.0.19041.0\ucrt\stdio.h:239 处声明)</MESSAGE>
        </KEYEVENT>
      </SFA>
      <SFA>
        <FILEPATH>D:\A_Workspace\tools\T\game tools\Niflheim-master\NeXAS\BALDR_HEART\pac_unpack\</FILEPATH>
        <FILENAME>pac_unpack.c</FILENAME>
        <LINE>69</LINE>
        <COLUMN>7</COLUMN>
        <KEYEVENT>
          <ID>3</ID>
          <KIND>使用情况</KIND>
          <IMPORTANCE>Essential</IMPORTANCE>
          <MESSAGE>“cdata”不应为 NULL，因为这与“fread”上的 SAL 批注不一致</MESSAGE>
        </KEYEVENT>
      </SFA>
    </PATH>
  </DEFECT>
  <DEFECT>
    <SFA>
      <FILEPATH>D:\A_Workspace\tools\T\game tools\Niflheim-master\NeXAS\BALDR_HEART\pac_unpack\</FILEPATH>
      <FILENAME>pac_unpack.c</FILENAME>
      <LINE>76</LINE>
      <COLUMN>8</COLUMN>
    </SFA>
    <DEFECTCODE>6387</DEFECTCODE>
    <DESCRIPTION>“udata”可能是“0”: 这不符合函数“fwrite”的规范。</DESCRIPTION>
    <FUNCTION>ReadIndex</FUNCTION>
    <DECORATED>ReadIndex</DECORATED>
    <FUNCLINE>41</FUNCLINE>
    <PROBABILITY>1</PROBABILITY>
    <RANK>4</RANK>
    <CATEGORY>
      <RULECATEGORY>mspft</RULECATEGORY>
    </CATEGORY>
    <PATH>
      <SFA>
        <FILEPATH>D:\A_Workspace\tools\T\game tools\Niflheim-master\NeXAS\BALDR_HEART\pac_unpack\</FILEPATH>
        <FILENAME>pac_unpack.c</FILENAME>
        <LINE>43</LINE>
        <COLUMN>7</COLUMN>
      </SFA>
      <SFA>
        <FILEPATH>D:\A_Workspace\tools\T\game tools\Niflheim-master\NeXAS\BALDR_HEART\pac_unpack\</FILEPATH>
        <FILENAME>pac_unpack.c</FILENAME>
        <LINE>43</LINE>
        <COLUMN>13</COLUMN>
      </SFA>
      <SFA>
        <FILEPATH>D:\A_Workspace\tools\T\game tools\Niflheim-master\NeXAS\BALDR_HEART\pac_unpack\</FILEPATH>
        <FILENAME>pac_unpack.c</FILENAME>
        <LINE>44</LINE>
        <COLUMN>8</COLUMN>
      </SFA>
      <SFA>
        <FILEPATH>D:\A_Workspace\tools\T\game tools\Niflheim-master\NeXAS\BALDR_HEART\pac_unpack\</FILEPATH>
        <FILENAME>pac_unpack.c</FILENAME>
        <LINE>44</LINE>
        <COLUMN>21</COLUMN>
      </SFA>
      <SFA>
        <FILEPATH>D:\A_Workspace\tools\T\game tools\Niflheim-master\NeXAS\BALDR_HEART\pac_unpack\</FILEPATH>
        <FILENAME>pac_unpack.c</FILENAME>
        <LINE>44</LINE>
        <COLUMN>36</COLUMN>
      </SFA>
      <SFA>
        <FILEPATH>D:\A_Workspace\tools\T\game tools\Niflheim-master\NeXAS\BALDR_HEART\pac_unpack\</FILEPATH>
        <FILENAME>pac_unpack.c</FILENAME>
        <LINE>45</LINE>
        <COLUMN>8</COLUMN>
      </SFA>
      <SFA>
        <FILEPATH>D:\A_Workspace\tools\T\game tools\Niflheim-master\NeXAS\BALDR_HEART\pac_unpack\</FILEPATH>
        <FILENAME>pac_unpack.c</FILENAME>
        <LINE>45</LINE>
        <COLUMN>16</COLUMN>
      </SFA>
      <SFA>
        <FILEPATH>D:\A_Workspace\tools\T\game tools\Niflheim-master\NeXAS\BALDR_HEART\pac_unpack\</FILEPATH>
        <FILENAME>pac_unpack.c</FILENAME>
        <LINE>45</LINE>
        <COLUMN>23</COLUMN>
      </SFA>
      <SFA>
        <FILEPATH>D:\A_Workspace\tools\T\game tools\Niflheim-master\NeXAS\BALDR_HEART\pac_unpack\</FILEPATH>
        <FILENAME>pac_unpack.c</FILENAME>
        <LINE>46</LINE>
        <COLUMN>5</COLUMN>
      </SFA>
      <SFA>
        <FILEPATH>D:\A_Workspace\tools\T\game tools\Niflheim-master\NeXAS\BALDR_HEART\pac_unpack\</FILEPATH>
        <FILENAME>pac_unpack.c</FILENAME>
        <LINE>47</LINE>
        <COLUMN>8</COLUMN>
      </SFA>
      <SFA>
        <FILEPATH>D:\A_Workspace\tools\T\game tools\Niflheim-master\NeXAS\BALDR_HEART\pac_unpack\</FILEPATH>
        <FILENAME>pac_unpack.c</FILENAME>
        <LINE>48</LINE>
        <COLUMN>6</COLUMN>
      </SFA>
      <SFA>
        <FILEPATH>D:\A_Workspace\tools\T\game tools\Niflheim-master\NeXAS\BALDR_HEART\pac_unpack\</FILEPATH>
        <FILENAME>pac_unpack.c</FILENAME>
        <LINE>49</LINE>
        <COLUMN>45</COLUMN>
      </SFA>
      <SFA>
        <FILEPATH>D:\A_Workspace\tools\T\game tools\Niflheim-master\NeXAS\BALDR_HEART\pac_unpack\</FILEPATH>
        <FILENAME>pac_unpack.c</FILENAME>
        <LINE>54</LINE>
        <COLUMN>6</COLUMN>
      </SFA>
      <SFA>
        <FILEPATH>D:\A_Workspace\tools\T\game tools\Niflheim-master\NeXAS\BALDR_HEART\pac_unpack\</FILEPATH>
        <FILENAME>pac_unpack.c</FILENAME>
        <LINE>55</LINE>
        <COLUMN>6</COLUMN>
      </SFA>
      <SFA>
        <FILEPATH>D:\A_Workspace\tools\T\game tools\Niflheim-master\NeXAS\BALDR_HEART\pac_unpack\</FILEPATH>
        <FILENAME>pac_unpack.c</FILENAME>
        <LINE>56</LINE>
        <COLUMN>7</COLUMN>
      </SFA>
      <SFA>
        <FILEPATH>D:\A_Workspace\tools\T\game tools\Niflheim-master\NeXAS\BALDR_HEART\pac_unpack\</FILEPATH>
        <FILENAME>pac_unpack.c</FILENAME>
        <LINE>57</LINE>
        <COLUMN>21</COLUMN>
      </SFA>
      <SFA>
        <FILEPATH>D:\A_Workspace\tools\T\game tools\Niflheim-master\NeXAS\BALDR_HEART\pac_unpack\</FILEPATH>
        <FILENAME>pac_unpack.c</FILENAME>
        <LINE>65</LINE>
        <COLUMN>7</COLUMN>
      </SFA>
      <SFA>
        <FILEPATH>D:\A_Workspace\tools\T\game tools\Niflheim-master\NeXAS\BALDR_HEART\pac_unpack\</FILEPATH>
        <FILENAME>pac_unpack.c</FILENAME>
        <LINE>66</LINE>
        <COLUMN>7</COLUMN>
      </SFA>
      <SFA>
        <FILEPATH>D:\A_Workspace\tools\T\game tools\Niflheim-master\NeXAS\BALDR_HEART\pac_unpack\</FILEPATH>
        <FILENAME>pac_unpack.c</FILENAME>
        <LINE>67</LINE>
        <COLUMN>7</COLUMN>
      </SFA>
      <SFA>
        <FILEPATH>D:\A_Workspace\tools\T\game tools\Niflheim-master\NeXAS\BALDR_HEART\pac_unpack\</FILEPATH>
        <FILENAME>pac_unpack.c</FILENAME>
        <LINE>68</LINE>
        <COLUMN>8</COLUMN>
      </SFA>
      <SFA>
        <FILEPATH>D:\A_Workspace\tools\T\game tools\Niflheim-master\NeXAS\BALDR_HEART\pac_unpack\</FILEPATH>
        <FILENAME>pac_unpack.c</FILENAME>
        <LINE>69</LINE>
        <COLUMN>7</COLUMN>
      </SFA>
      <SFA>
        <FILEPATH>D:\A_Workspace\tools\T\game tools\Niflheim-master\NeXAS\BALDR_HEART\pac_unpack\</FILEPATH>
        <FILENAME>pac_unpack.c</FILENAME>
        <LINE>70</LINE>
        <COLUMN>9</COLUMN>
      </SFA>
      <SFA>
        <FILEPATH>D:\A_Workspace\tools\T\game tools\Niflheim-master\NeXAS\BALDR_HEART\pac_unpack\</FILEPATH>
        <FILENAME>pac_unpack.c</FILENAME>
        <LINE>70</LINE>
        <COLUMN>16</COLUMN>
      </SFA>
      <SFA>
        <FILEPATH>D:\A_Workspace\tools\T\game tools\Niflheim-master\NeXAS\BALDR_HEART\pac_unpack\</FILEPATH>
        <FILENAME>pac_unpack.c</FILENAME>
        <LINE>72</LINE>
        <COLUMN>12</COLUMN>
      </SFA>
      <SFA>
        <FILEPATH>D:\A_Workspace\tools\T\game tools\Niflheim-master\NeXAS\BALDR_HEART\pac_unpack\</FILEPATH>
        <FILENAME>pac_unpack.c</FILENAME>
        <LINE>73</LINE>
        <COLUMN>8</COLUMN>
        <KEYEVENT>
          <ID>1</ID>
          <KIND>声明</KIND>
          <IMPORTANCE>Essential</IMPORTANCE>
          <MESSAGE>“udata”可能为 NULL</MESSAGE>
        </KEYEVENT>
      </SFA>
      <SFA>
        <FILEPATH>D:\A_Workspace\tools\T\game tools\Niflheim-master\NeXAS\BALDR_HEART\pac_unpack\</FILEPATH>
        <FILENAME>pac_unpack.c</FILENAME>
        <LINE>74</LINE>
        <COLUMN>20</COLUMN>
        <KEYEVENT>
          <ID>2</ID>
          <KIND>声明</KIND>
          <IMPORTANCE>Full</IMPORTANCE>
          <MESSAGE>“udata”是“huffman_uncompress”的输入/输出参数(在 d:\a_workspace\tools\t\game tools\niflheim-master\nexas\baldr_heart\pac_unpack\bh_huffman_dec.h:105 处声明)</MESSAGE>
        </KEYEVENT>
      </SFA>
      <SFA>
        <FILEPATH>D:\A_Workspace\tools\T\game tools\Niflheim-master\NeXAS\BALDR_HEART\pac_unpack\</FILEPATH>
        <FILENAME>pac_unpack.c</FILENAME>
        <LINE>75</LINE>
        <COLUMN>6</COLUMN>
      </SFA>
      <SFA>
        <FILEPATH>D:\A_Workspace\tools\T\game tools\Niflheim-master\NeXAS\BALDR_HEART\pac_unpack\</FILEPATH>
        <FILENAME>pac_unpack.c</FILENAME>
        <LINE>76</LINE>
        <COLUMN>8</COLUMN>
        <KEYEVENT>
          <ID>3</ID>
          <KIND>使用情况</KIND>
          <IMPORTANCE>Full</IMPORTANCE>
          <MESSAGE>“udata”是对“fwrite”的输入(在 c:\program files (x86)\windows kits\10\include\10.0.19041.0\ucrt\stdio.h:297 处声明)</MESSAGE>
        </KEYEVENT>
      </SFA>
      <SFA>
        <FILEPATH>D:\A_Workspace\tools\T\game tools\Niflheim-master\NeXAS\BALDR_HEART\pac_unpack\</FILEPATH>
        <FILENAME>pac_unpack.c</FILENAME>
        <LINE>76</LINE>
        <COLUMN>8</COLUMN>
        <KEYEVENT>
          <ID>4</ID>
          <KIND>使用情况</KIND>
          <IMPORTANCE>Essential</IMPORTANCE>
          <MESSAGE>“udata”不应为 NULL，因为这与“fwrite”上的 SAL 批注不一致</MESSAGE>
        </KEYEVENT>
      </SFA>
    </PATH>
  </DEFECT>
  <DEFECT>
    <SFA>
      <FILEPATH>D:\A_Workspace\tools\T\game tools\Niflheim-master\NeXAS\BALDR_HEART\pac_unpack\</FILEPATH>
      <FILENAME>pac_unpack.c</FILENAME>
      <LINE>81</LINE>
      <COLUMN>9</COLUMN>
    </SFA>
    <DEFECTCODE>6011</DEFECTCODE>
    <DESCRIPTION>取消对 NULL 指针“udata”的引用。查看第 76 行以找出可能会发生此情况的前一位置</DESCRIPTION>
    <FUNCTION>ReadIndex</FUNCTION>
    <DECORATED>ReadIndex</DECORATED>
    <FUNCLINE>41</FUNCLINE>
    <PROBABILITY>1</PROBABILITY>
    <RANK>4</RANK>
    <CATEGORY>
      <RULECATEGORY>mspft</RULECATEGORY>
    </CATEGORY>
    <PATH>
      <SFA>
        <FILEPATH>D:\A_Workspace\tools\T\game tools\Niflheim-master\NeXAS\BALDR_HEART\pac_unpack\</FILEPATH>
        <FILENAME>pac_unpack.c</FILENAME>
        <LINE>43</LINE>
        <COLUMN>7</COLUMN>
      </SFA>
      <SFA>
        <FILEPATH>D:\A_Workspace\tools\T\game tools\Niflheim-master\NeXAS\BALDR_HEART\pac_unpack\</FILEPATH>
        <FILENAME>pac_unpack.c</FILENAME>
        <LINE>43</LINE>
        <COLUMN>13</COLUMN>
      </SFA>
      <SFA>
        <FILEPATH>D:\A_Workspace\tools\T\game tools\Niflheim-master\NeXAS\BALDR_HEART\pac_unpack\</FILEPATH>
        <FILENAME>pac_unpack.c</FILENAME>
        <LINE>44</LINE>
        <COLUMN>8</COLUMN>
      </SFA>
      <SFA>
        <FILEPATH>D:\A_Workspace\tools\T\game tools\Niflheim-master\NeXAS\BALDR_HEART\pac_unpack\</FILEPATH>
        <FILENAME>pac_unpack.c</FILENAME>
        <LINE>44</LINE>
        <COLUMN>21</COLUMN>
      </SFA>
      <SFA>
        <FILEPATH>D:\A_Workspace\tools\T\game tools\Niflheim-master\NeXAS\BALDR_HEART\pac_unpack\</FILEPATH>
        <FILENAME>pac_unpack.c</FILENAME>
        <LINE>44</LINE>
        <COLUMN>36</COLUMN>
      </SFA>
      <SFA>
        <FILEPATH>D:\A_Workspace\tools\T\game tools\Niflheim-master\NeXAS\BALDR_HEART\pac_unpack\</FILEPATH>
        <FILENAME>pac_unpack.c</FILENAME>
        <LINE>45</LINE>
        <COLUMN>8</COLUMN>
      </SFA>
      <SFA>
        <FILEPATH>D:\A_Workspace\tools\T\game tools\Niflheim-master\NeXAS\BALDR_HEART\pac_unpack\</FILEPATH>
        <FILENAME>pac_unpack.c</FILENAME>
        <LINE>45</LINE>
        <COLUMN>16</COLUMN>
      </SFA>
      <SFA>
        <FILEPATH>D:\A_Workspace\tools\T\game tools\Niflheim-master\NeXAS\BALDR_HEART\pac_unpack\</FILEPATH>
        <FILENAME>pac_unpack.c</FILENAME>
        <LINE>45</LINE>
        <COLUMN>23</COLUMN>
      </SFA>
      <SFA>
        <FILEPATH>D:\A_Workspace\tools\T\game tools\Niflheim-master\NeXAS\BALDR_HEART\pac_unpack\</FILEPATH>
        <FILENAME>pac_unpack.c</FILENAME>
        <LINE>46</LINE>
        <COLUMN>5</COLUMN>
      </SFA>
      <SFA>
        <FILEPATH>D:\A_Workspace\tools\T\game tools\Niflheim-master\NeXAS\BALDR_HEART\pac_unpack\</FILEPATH>
        <FILENAME>pac_unpack.c</FILENAME>
        <LINE>47</LINE>
        <COLUMN>8</COLUMN>
      </SFA>
      <SFA>
        <FILEPATH>D:\A_Workspace\tools\T\game tools\Niflheim-master\NeXAS\BALDR_HEART\pac_unpack\</FILEPATH>
        <FILENAME>pac_unpack.c</FILENAME>
        <LINE>48</LINE>
        <COLUMN>6</COLUMN>
      </SFA>
      <SFA>
        <FILEPATH>D:\A_Workspace\tools\T\game tools\Niflheim-master\NeXAS\BALDR_HEART\pac_unpack\</FILEPATH>
        <FILENAME>pac_unpack.c</FILENAME>
        <LINE>49</LINE>
        <COLUMN>45</COLUMN>
      </SFA>
      <SFA>
        <FILEPATH>D:\A_Workspace\tools\T\game tools\Niflheim-master\NeXAS\BALDR_HEART\pac_unpack\</FILEPATH>
        <FILENAME>pac_unpack.c</FILENAME>
        <LINE>54</LINE>
        <COLUMN>6</COLUMN>
      </SFA>
      <SFA>
        <FILEPATH>D:\A_Workspace\tools\T\game tools\Niflheim-master\NeXAS\BALDR_HEART\pac_unpack\</FILEPATH>
        <FILENAME>pac_unpack.c</FILENAME>
        <LINE>55</LINE>
        <COLUMN>6</COLUMN>
      </SFA>
      <SFA>
        <FILEPATH>D:\A_Workspace\tools\T\game tools\Niflheim-master\NeXAS\BALDR_HEART\pac_unpack\</FILEPATH>
        <FILENAME>pac_unpack.c</FILENAME>
        <LINE>56</LINE>
        <COLUMN>7</COLUMN>
      </SFA>
      <SFA>
        <FILEPATH>D:\A_Workspace\tools\T\game tools\Niflheim-master\NeXAS\BALDR_HEART\pac_unpack\</FILEPATH>
        <FILENAME>pac_unpack.c</FILENAME>
        <LINE>57</LINE>
        <COLUMN>21</COLUMN>
      </SFA>
      <SFA>
        <FILEPATH>D:\A_Workspace\tools\T\game tools\Niflheim-master\NeXAS\BALDR_HEART\pac_unpack\</FILEPATH>
        <FILENAME>pac_unpack.c</FILENAME>
        <LINE>65</LINE>
        <COLUMN>7</COLUMN>
      </SFA>
      <SFA>
        <FILEPATH>D:\A_Workspace\tools\T\game tools\Niflheim-master\NeXAS\BALDR_HEART\pac_unpack\</FILEPATH>
        <FILENAME>pac_unpack.c</FILENAME>
        <LINE>66</LINE>
        <COLUMN>7</COLUMN>
      </SFA>
      <SFA>
        <FILEPATH>D:\A_Workspace\tools\T\game tools\Niflheim-master\NeXAS\BALDR_HEART\pac_unpack\</FILEPATH>
        <FILENAME>pac_unpack.c</FILENAME>
        <LINE>67</LINE>
        <COLUMN>7</COLUMN>
      </SFA>
      <SFA>
        <FILEPATH>D:\A_Workspace\tools\T\game tools\Niflheim-master\NeXAS\BALDR_HEART\pac_unpack\</FILEPATH>
        <FILENAME>pac_unpack.c</FILENAME>
        <LINE>68</LINE>
        <COLUMN>8</COLUMN>
      </SFA>
      <SFA>
        <FILEPATH>D:\A_Workspace\tools\T\game tools\Niflheim-master\NeXAS\BALDR_HEART\pac_unpack\</FILEPATH>
        <FILENAME>pac_unpack.c</FILENAME>
        <LINE>69</LINE>
        <COLUMN>7</COLUMN>
      </SFA>
      <SFA>
        <FILEPATH>D:\A_Workspace\tools\T\game tools\Niflheim-master\NeXAS\BALDR_HEART\pac_unpack\</FILEPATH>
        <FILENAME>pac_unpack.c</FILENAME>
        <LINE>70</LINE>
        <COLUMN>9</COLUMN>
      </SFA>
      <SFA>
        <FILEPATH>D:\A_Workspace\tools\T\game tools\Niflheim-master\NeXAS\BALDR_HEART\pac_unpack\</FILEPATH>
        <FILENAME>pac_unpack.c</FILENAME>
        <LINE>70</LINE>
        <COLUMN>16</COLUMN>
      </SFA>
      <SFA>
        <FILEPATH>D:\A_Workspace\tools\T\game tools\Niflheim-master\NeXAS\BALDR_HEART\pac_unpack\</FILEPATH>
        <FILENAME>pac_unpack.c</FILENAME>
        <LINE>72</LINE>
        <COLUMN>12</COLUMN>
      </SFA>
      <SFA>
        <FILEPATH>D:\A_Workspace\tools\T\game tools\Niflheim-master\NeXAS\BALDR_HEART\pac_unpack\</FILEPATH>
        <FILENAME>pac_unpack.c</FILENAME>
        <LINE>73</LINE>
        <COLUMN>8</COLUMN>
        <KEYEVENT>
          <ID>1</ID>
          <KIND>声明</KIND>
          <IMPORTANCE>Essential</IMPORTANCE>
          <MESSAGE>“udata”可能为 NULL</MESSAGE>
        </KEYEVENT>
      </SFA>
      <SFA>
        <FILEPATH>D:\A_Workspace\tools\T\game tools\Niflheim-master\NeXAS\BALDR_HEART\pac_unpack\</FILEPATH>
        <FILENAME>pac_unpack.c</FILENAME>
        <LINE>74</LINE>
        <COLUMN>20</COLUMN>
        <KEYEVENT>
          <ID>2</ID>
          <KIND>声明</KIND>
          <IMPORTANCE>Full</IMPORTANCE>
          <MESSAGE>“udata”是“huffman_uncompress”的输入/输出参数(在 d:\a_workspace\tools\t\game tools\niflheim-master\nexas\baldr_heart\pac_unpack\bh_huffman_dec.h:105 处声明)</MESSAGE>
        </KEYEVENT>
      </SFA>
      <SFA>
        <FILEPATH>D:\A_Workspace\tools\T\game tools\Niflheim-master\NeXAS\BALDR_HEART\pac_unpack\</FILEPATH>
        <FILENAME>pac_unpack.c</FILENAME>
        <LINE>75</LINE>
        <COLUMN>6</COLUMN>
      </SFA>
      <SFA>
        <FILEPATH>D:\A_Workspace\tools\T\game tools\Niflheim-master\NeXAS\BALDR_HEART\pac_unpack\</FILEPATH>
        <FILENAME>pac_unpack.c</FILENAME>
        <LINE>76</LINE>
        <COLUMN>8</COLUMN>
        <KEYEVENT>
          <ID>3</ID>
          <KIND>使用情况</KIND>
          <IMPORTANCE>Full</IMPORTANCE>
          <MESSAGE>“udata”是对“fwrite”的输入(在 c:\program files (x86)\windows kits\10\include\10.0.19041.0\ucrt\stdio.h:297 处声明)</MESSAGE>
        </KEYEVENT>
      </SFA>
      <SFA>
        <FILEPATH>D:\A_Workspace\tools\T\game tools\Niflheim-master\NeXAS\BALDR_HEART\pac_unpack\</FILEPATH>
        <FILENAME>pac_unpack.c</FILENAME>
        <LINE>77</LINE>
        <COLUMN>6</COLUMN>
      </SFA>
      <SFA>
        <FILEPATH>D:\A_Workspace\tools\T\game tools\Niflheim-master\NeXAS\BALDR_HEART\pac_unpack\</FILEPATH>
        <FILENAME>pac_unpack.c</FILENAME>
        <LINE>78</LINE>
        <COLUMN>8</COLUMN>
      </SFA>
      <SFA>
        <FILEPATH>D:\A_Workspace\tools\T\game tools\Niflheim-master\NeXAS\BALDR_HEART\pac_unpack\</FILEPATH>
        <FILENAME>pac_unpack.c</FILENAME>
        <LINE>79</LINE>
        <COLUMN>8</COLUMN>
      </SFA>
      <SFA>
        <FILEPATH>D:\A_Workspace\tools\T\game tools\Niflheim-master\NeXAS\BALDR_HEART\pac_unpack\</FILEPATH>
        <FILENAME>pac_unpack.c</FILENAME>
        <LINE>80</LINE>
        <COLUMN>9</COLUMN>
      </SFA>
      <SFA>
        <FILEPATH>D:\A_Workspace\tools\T\game tools\Niflheim-master\NeXAS\BALDR_HEART\pac_unpack\</FILEPATH>
        <FILENAME>pac_unpack.c</FILENAME>
        <LINE>80</LINE>
        <COLUMN>16</COLUMN>
        <KEYEVENT>
          <ID>4</ID>
          <KIND>分支</KIND>
          <IMPORTANCE>Full</IMPORTANCE>
          <MESSAGE>进入此循环(假定“i&lt;pac_header.num”)</MESSAGE>
        </KEYEVENT>
      </SFA>
      <SFA>
        <FILEPATH>D:\A_Workspace\tools\T\game tools\Niflheim-master\NeXAS\BALDR_HEART\pac_unpack\</FILEPATH>
        <FILENAME>pac_unpack.c</FILENAME>
        <LINE>81</LINE>
        <COLUMN>9</COLUMN>
        <KEYEVENT>
          <ID>5</ID>
          <KIND>使用情况</KIND>
          <IMPORTANCE>Essential</IMPORTANCE>
          <MESSAGE>已取消对“udata”的引用，但可能仍为 NULL</MESSAGE>
        </KEYEVENT>
      </SFA>
    </PATH>
  </DEFECT>
  <DEFECT>
    <SFA>
      <FILEPATH>D:\A_Workspace\tools\T\game tools\Niflheim-master\NeXAS\BALDR_HEART\pac_unpack\</FILEPATH>
      <FILENAME>pac_unpack.c</FILENAME>
      <LINE>94</LINE>
      <COLUMN>7</COLUMN>
    </SFA>
    <DEFECTCODE>6031</DEFECTCODE>
    <DESCRIPTION>返回值被忽略: “_mkdir”。</DESCRIPTION>
    <FUNCTION>UnpackFile</FUNCTION>
    <DECORATED>UnpackFile</DECORATED>
    <FUNCLINE>86</FUNCLINE>
    <PATH></PATH>
  </DEFECT>
  <DEFECT>
    <SFA>
      <FILEPATH>D:\A_Workspace\tools\T\game tools\Niflheim-master\NeXAS\BALDR_HEART\pac_unpack\</FILEPATH>
      <FILENAME>pac_unpack.c</FILENAME>
      <LINE>95</LINE>
      <COLUMN>7</COLUMN>
    </SFA>
    <DEFECTCODE>6031</DEFECTCODE>
    <DESCRIPTION>返回值被忽略: “_chdir”。</DESCRIPTION>
    <FUNCTION>UnpackFile</FUNCTION>
    <DECORATED>UnpackFile</DECORATED>
    <FUNCLINE>86</FUNCLINE>
    <PATH></PATH>
  </DEFECT>
  <DEFECT>
    <SFA>
      <FILEPATH>D:\A_Workspace\tools\T\game tools\Niflheim-master\NeXAS\BALDR_HEART\pac_unpack\</FILEPATH>
      <FILENAME>pac_unpack.c</FILENAME>
      <LINE>109</LINE>
      <COLUMN>10</COLUMN>
    </SFA>
    <DEFECTCODE>6387</DEFECTCODE>
    <DESCRIPTION>“udata”可能是“0”: 这不符合函数“fwrite”的规范。</DESCRIPTION>
    <FUNCTION>UnpackFile</FUNCTION>
    <DECORATED>UnpackFile</DECORATED>
    <FUNCLINE>86</FUNCLINE>
    <PROBABILITY>1</PROBABILITY>
    <RANK>4</RANK>
    <CATEGORY>
      <RULECATEGORY>mspft</RULECATEGORY>
    </CATEGORY>
    <PATH>
      <SFA>
        <FILEPATH>D:\A_Workspace\tools\T\game tools\Niflheim-master\NeXAS\BALDR_HEART\pac_unpack\</FILEPATH>
        <FILENAME>pac_unpack.c</FILENAME>
        <LINE>88</LINE>
        <COLUMN>7</COLUMN>
      </SFA>
      <SFA>
        <FILEPATH>D:\A_Workspace\tools\T\game tools\Niflheim-master\NeXAS\BALDR_HEART\pac_unpack\</FILEPATH>
        <FILENAME>pac_unpack.c</FILENAME>
        <LINE>88</LINE>
        <COLUMN>13</COLUMN>
      </SFA>
      <SFA>
        <FILEPATH>D:\A_Workspace\tools\T\game tools\Niflheim-master\NeXAS\BALDR_HEART\pac_unpack\</FILEPATH>
        <FILENAME>pac_unpack.c</FILENAME>
        <LINE>89</LINE>
        <COLUMN>7</COLUMN>
      </SFA>
      <SFA>
        <FILEPATH>D:\A_Workspace\tools\T\game tools\Niflheim-master\NeXAS\BALDR_HEART\pac_unpack\</FILEPATH>
        <FILENAME>pac_unpack.c</FILENAME>
        <LINE>90</LINE>
        <COLUMN>8</COLUMN>
      </SFA>
      <SFA>
        <FILEPATH>D:\A_Workspace\tools\T\game tools\Niflheim-master\NeXAS\BALDR_HEART\pac_unpack\</FILEPATH>
        <FILENAME>pac_unpack.c</FILENAME>
        <LINE>90</LINE>
        <COLUMN>16</COLUMN>
      </SFA>
      <SFA>
        <FILEPATH>D:\A_Workspace\tools\T\game tools\Niflheim-master\NeXAS\BALDR_HEART\pac_unpack\</FILEPATH>
        <FILENAME>pac_unpack.c</FILENAME>
        <LINE>90</LINE>
        <COLUMN>23</COLUMN>
      </SFA>
      <SFA>
        <FILEPATH>D:\A_Workspace\tools\T\game tools\Niflheim-master\NeXAS\BALDR_HEART\pac_unpack\</FILEPATH>
        <FILENAME>pac_unpack.c</FILENAME>
        <LINE>91</LINE>
        <COLUMN>8</COLUMN>
      </SFA>
      <SFA>
        <FILEPATH>D:\A_Workspace\tools\T\game tools\Niflheim-master\NeXAS\BALDR_HEART\pac_unpack\</FILEPATH>
        <FILENAME>pac_unpack.c</FILENAME>
        <LINE>92</LINE>
        <COLUMN>5</COLUMN>
      </SFA>
      <SFA>
        <FILEPATH>D:\A_Workspace\tools\T\game tools\Niflheim-master\NeXAS\BALDR_HEART\pac_unpack\</FILEPATH>
        <FILENAME>pac_unpack.c</FILENAME>
        <LINE>93</LINE>
        <COLUMN>8</COLUMN>
      </SFA>
      <SFA>
        <FILEPATH>D:\A_Workspace\tools\T\game tools\Niflheim-master\NeXAS\BALDR_HEART\pac_unpack\</FILEPATH>
        <FILENAME>pac_unpack.c</FILENAME>
        <LINE>94</LINE>
        <COLUMN>7</COLUMN>
      </SFA>
      <SFA>
        <FILEPATH>D:\A_Workspace\tools\T\game tools\Niflheim-master\NeXAS\BALDR_HEART\pac_unpack\</FILEPATH>
        <FILENAME>pac_unpack.c</FILENAME>
        <LINE>95</LINE>
        <COLUMN>7</COLUMN>
      </SFA>
      <SFA>
        <FILEPATH>D:\A_Workspace\tools\T\game tools\Niflheim-master\NeXAS\BALDR_HEART\pac_unpack\</FILEPATH>
        <FILENAME>pac_unpack.c</FILENAME>
        <LINE>96</LINE>
        <COLUMN>8</COLUMN>
      </SFA>
      <SFA>
        <FILEPATH>D:\A_Workspace\tools\T\game tools\Niflheim-master\NeXAS\BALDR_HEART\pac_unpack\</FILEPATH>
        <FILENAME>pac_unpack.c</FILENAME>
        <LINE>96</LINE>
        <COLUMN>15</COLUMN>
      </SFA>
      <SFA>
        <FILEPATH>D:\A_Workspace\tools\T\game tools\Niflheim-master\NeXAS\BALDR_HEART\pac_unpack\</FILEPATH>
        <FILENAME>pac_unpack.c</FILENAME>
        <LINE>98</LINE>
        <COLUMN>21</COLUMN>
      </SFA>
      <SFA>
        <FILEPATH>D:\A_Workspace\tools\T\game tools\Niflheim-master\NeXAS\BALDR_HEART\pac_unpack\</FILEPATH>
        <FILENAME>pac_unpack.c</FILENAME>
        <LINE>99</LINE>
        <COLUMN>6</COLUMN>
      </SFA>
      <SFA>
        <FILEPATH>D:\A_Workspace\tools\T\game tools\Niflheim-master\NeXAS\BALDR_HEART\pac_unpack\</FILEPATH>
        <FILENAME>pac_unpack.c</FILENAME>
        <LINE>100</LINE>
        <COLUMN>8</COLUMN>
      </SFA>
      <SFA>
        <FILEPATH>D:\A_Workspace\tools\T\game tools\Niflheim-master\NeXAS\BALDR_HEART\pac_unpack\</FILEPATH>
        <FILENAME>pac_unpack.c</FILENAME>
        <LINE>101</LINE>
        <COLUMN>8</COLUMN>
        <KEYEVENT>
          <ID>1</ID>
          <KIND>声明</KIND>
          <IMPORTANCE>Essential</IMPORTANCE>
          <MESSAGE>“udata”可能为 NULL</MESSAGE>
        </KEYEVENT>
      </SFA>
      <SFA>
        <FILEPATH>D:\A_Workspace\tools\T\game tools\Niflheim-master\NeXAS\BALDR_HEART\pac_unpack\</FILEPATH>
        <FILENAME>pac_unpack.c</FILENAME>
        <LINE>102</LINE>
        <COLUMN>7</COLUMN>
      </SFA>
      <SFA>
        <FILEPATH>D:\A_Workspace\tools\T\game tools\Niflheim-master\NeXAS\BALDR_HEART\pac_unpack\</FILEPATH>
        <FILENAME>pac_unpack.c</FILENAME>
        <LINE>103</LINE>
        <COLUMN>7</COLUMN>
      </SFA>
      <SFA>
        <FILEPATH>D:\A_Workspace\tools\T\game tools\Niflheim-master\NeXAS\BALDR_HEART\pac_unpack\</FILEPATH>
        <FILENAME>pac_unpack.c</FILENAME>
        <LINE>104</LINE>
        <COLUMN>23</COLUMN>
        <KEYEVENT>
          <ID>2</ID>
          <KIND>分支</KIND>
          <IMPORTANCE>Full</IMPORTANCE>
          <MESSAGE>进入此分支(假定“&lt;分支条件&gt;”)</MESSAGE>
        </KEYEVENT>
      </SFA>
      <SFA>
        <FILEPATH>D:\A_Workspace\tools\T\game tools\Niflheim-master\NeXAS\BALDR_HEART\pac_unpack\</FILEPATH>
        <FILENAME>pac_unpack.c</FILENAME>
        <LINE>106</LINE>
        <COLUMN>10</COLUMN>
        <KEYEVENT>
          <ID>3</ID>
          <KIND>声明</KIND>
          <IMPORTANCE>Full</IMPORTANCE>
          <MESSAGE>“udata”是“ZSTD_decompress”的输入/输出参数(在 d:\a_workspace\tools\t\game tools\niflheim-master\nexas\baldr_heart\pac_unpack\zstd.h:126 处声明)</MESSAGE>
        </KEYEVENT>
      </SFA>
      <SFA>
        <FILEPATH>D:\A_Workspace\tools\T\game tools\Niflheim-master\NeXAS\BALDR_HEART\pac_unpack\</FILEPATH>
        <FILENAME>pac_unpack.c</FILENAME>
        <LINE>107</LINE>
        <COLUMN>30</COLUMN>
        <KEYEVENT>
          <ID>4</ID>
          <KIND>分支</KIND>
          <IMPORTANCE>Full</IMPORTANCE>
          <MESSAGE>进入此分支(假定“&lt;分支条件&gt;”)</MESSAGE>
        </KEYEVENT>
      </SFA>
      <SFA>
        <FILEPATH>D:\A_Workspace\tools\T\game tools\Niflheim-master\NeXAS\BALDR_HEART\pac_unpack\</FILEPATH>
        <FILENAME>pac_unpack.c</FILENAME>
        <LINE>109</LINE>
        <COLUMN>10</COLUMN>
        <KEYEVENT>
          <ID>5</ID>
          <KIND>使用情况</KIND>
          <IMPORTANCE>Full</IMPORTANCE>
          <MESSAGE>“udata”是对“fwrite”的输入(在 c:\program files (x86)\windows kits\10\include\10.0.19041.0\ucrt\stdio.h:297 处声明)</MESSAGE>
        </KEYEVENT>
      </SFA>
      <SFA>
        <FILEPATH>D:\A_Workspace\tools\T\game tools\Niflheim-master\NeXAS\BALDR_HEART\pac_unpack\</FILEPATH>
        <FILENAME>pac_unpack.c</FILENAME>
        <LINE>109</LINE>
        <COLUMN>10</COLUMN>
        <KEYEVENT>
          <ID>6</ID>
          <KIND>使用情况</KIND>
          <IMPORTANCE>Essential</IMPORTANCE>
          <MESSAGE>“udata”不应为 NULL，因为这与“fwrite”上的 SAL 批注不一致</MESSAGE>
        </KEYEVENT>
      </SFA>
    </PATH>
  </DEFECT>
</DEFECTS>